{
  "project_info": {
    "project_number": "5870382484",
    "project_id": "veda-64c05",
    "storage_bucket": "veda-64c05.appspot.com"
  },
  "client": [
    {
      "client_info": {
        "mobilesdk_app_id": "1:5870382484:android:83cb05534fb4b827a9f381",
        "android_client_info": {
          "package_name": "com.example.veda"
        }
      },
      "oauth_client": [
        {
          "client_id": "5870382484-h1f7u1hv4m8dba5kq1oief94kpbq6p4l.apps.googleusercontent.com",
          "client_type": 3
        }
      ],
      "api_key": [
        {
          "current_key": "AIzaSyBynHPsQolh-gy4b2AJ6KShafCMgWhII0k"
        }
      ],
      "services": {
        "appinvite_service": {
          "other_platform_oauth_client": [
            {
              "client_id": "5870382484-h1f7u1hv4m8dba5kq1oief94kpbq6p4l.apps.googleusercontent.com",
              "client_type": 3
            }
          ]
        }
      }
    }
  ],
  "configuration_version": "1"
}